seqid,source,type,start,end,score,strand,phase,length,ID,Dbxref,Is_circular,Name,gbkey,genome,mol_type,strain,substrain,gene,gene_biotype,gene_synonym,locus_tag,Parent,product,protein_id,transl_table,mobile_element_type,Note,pseudo,orig_protein_id,exception,transl_except
NC_000913.3,RefSeq,exon,16952,17010,,+,,59,exon-b4413-1,"ECOCYC:G0-9581,GeneID:2847745",,,ncRNA,,,,,sokC,,,b4413,rna-b4413,small regulatory RNA antitoxin SokC,,,,,,,,
NC_000913.3,RefSeq,exon,75516,75608,,-,,93,exon-b4762-1,"ECOCYC:G0-9381,GeneID:63925622",,,ncRNA,,,,,sroA,,,b4762,rna-b4762,small RNA SroA,,,,,,,,
NC_000913.3,RefSeq,exon,77367,77593,,+,,227,exon-b4577-1,"ECOCYC:G0-9941,GeneID:4056038",,,ncRNA,,,,,sgrS,,,b4577,rna-b4577,small regulatory RNA SgrS,,,,,,,,
NC_000913.3,RefSeq,exon,92485,92658,,+,,174,exon-b4810-1,"ECOCYC:G0-17085,GeneID:71004551",,,ncRNA,,,,,ftsO,,,b4810,rna-b4810,small regulatory RNA FtsO,,,,,,,,
NC_000913.3,RefSeq,exon,104948,105499,,-,,552,exon-b4840-1,"ECOCYC:G0-17120,GeneID:302211663",,,ncRNA,,,,,stfZ,,,b4840,rna-b4840,small antisense RNA StfZ,,,,,,,,
NC_000913.3,RefSeq,exon,189712,189847,,+,,136,exon-b4414-1,"ECOCYC:G0-8895,GeneID:2847773",,,ncRNA,,,,,tff,,,b4414,rna-b4414,putative small RNA T44,,,,,,,,
NC_000913.3,RefSeq,exon,194784,194844,,+,,61,exon-b4809-1,"ECOCYC:G0-17084,GeneID:71004552",,,ncRNA,,,,,ispZ,,,b4809,rna-b4809,small regulatory RNA IspZ,,,,,,,,
NC_000913.3,RefSeq,exon,223771,225312,,+,,1542,exon-b0201-1,"ECOCYC:EG30090,GeneID:944897",,,rRNA,,,,,rrsH,,,b0201,rna-b0201,16S ribosomal RNA,,,,,,,,
NC_000913.3,RefSeq,exon,225381,225457,,+,,77,exon-b0202-1,"ECOCYC:EG30045,GeneID:944884",,,tRNA,,,,,ileV,,,b0202,rna-b0202,tRNA-Ile,,,,tRNA-Ile(GAU),,,,
NC_000913.3,RefSeq,exon,225500,225575,,+,,76,exon-b0203-1,"ECOCYC:EG30010,GeneID:944890",,,tRNA,,,,,alaV,,,b0203,rna-b0203,tRNA-Ala,,,,tRNA-Ala(UGC),,,,
NC_000913.3,RefSeq,exon,225759,228662,,+,,2904,exon-b0204-1,"ECOCYC:EG30083,GeneID:944900",,,rRNA,,,,,rrlH,,,b0204,rna-b0204,23S ribosomal RNA,,,,,,,,
NC_000913.3,RefSeq,exon,228756,228875,,+,,120,exon-b0205-1,"ECOCYC:EG30076,GeneID:944898",,,rRNA,,,,,rrfH,,,b0205,rna-b0205,5S ribosomal RNA,,,,,,,,
NC_000913.3,RefSeq,exon,228928,229004,,+,,77,exon-b0206-1,"ECOCYC:EG30024,GeneID:944880",,,tRNA,,,,,aspU,,,b0206,rna-b0206,tRNA-Asp,,,,tRNA-Asp(GUC),,,,
NC_000913.3,RefSeq,exon,236931,237007,,+,,77,exon-b0216-1,"ECOCYC:EG30025,GeneID:947541",,,tRNA,,,,,aspV,,,b0216,rna-b0216,tRNA-Asp,,,,tRNA-Asp(GUC),,,,
NC_000913.3,RefSeq,exon,262871,262946,,+,,76,exon-b0244-1,"ECOCYC:EG30104,GeneID:947202",,,tRNA,,,,,thrW,,,b0244,rna-b0244,tRNA-Thr,,,,tRNA-Thr(CGU),,,,
NC_000913.3,RefSeq,exon,272580,272654,,+,,75,exon-b4690-1,"ECOCYC:G0-10696,GeneID:7751631",,,ncRNA,,,,,eyeA,,,b4690,rna-b4690,small RNA EyeA,,,,,,,,
NC_000913.3,RefSeq,exon,476448,476561,,+,,114,exon-b0455-1,"ECOCYC:EG30027,GeneID:944909",,,ncRNA,,,,,ffs,,,b0455,rna-b0455,signal recognition particle 4.5S RNA,,,,,,,,
NC_000913.3,RefSeq,exon,507204,507287,,+,,84,exon-b4585-1,"ECOCYC:G0-9382,GeneID:5061500",,,ncRNA,,,,,chiX,,,b4585,rna-b4585,small regulatory RNA ChiX,,,,,,,,
NC_000913.3,RefSeq,exon,533629,533863,,+,,235,exon-b4831-1,"ECOCYC:G0-17106,GeneID:71004554",,,ncRNA,,,,,allZ,,,b4831,rna-b4831,small RNA AllZ,,,,,,,,
NC_000913.3,RefSeq,exon,564723,564799,,+,,77,exon-b0536-1,"ECOCYC:EG30014,GeneID:945161",,,tRNA,,,,,argU,,,b0536,rna-b0536,tRNA-Arg,,,,tRNA-Arg(UCU),,,,
NC_000913.3,RefSeq,exon,607733,607792,,-,,60,exon-b4835-1,"ECOCYC:G0-17110,GeneID:71004555",,,ncRNA,,,,,sokE,,,b4835,rna-b4835,small RNA SokE,,,,,,,,
NC_000913.3,RefSeq,exon,686681,686843,,-,,163,exon-b4763-1,"ECOCYC:G0-9383,GeneID:63925626",,,ncRNA,,,,,sroC,,,b4763,rna-b4763,small regulatory RNA SroC,,,,,,,,
NC_000913.3,RefSeq,exon,696430,696504,,-,,75,exon-b0664-1,"ECOCYC:EG30031,GeneID:945257",,,tRNA,,,,,glnX,,,b0664,rna-b0664,tRNA-Gln,,,,tRNA-Gln(CUG),,,,
NC_000913.3,RefSeq,exon,696542,696616,,-,,75,exon-b0665-1,"ECOCYC:EG30029,GeneID:945255",,,tRNA,,,,,glnV,,,b0665,rna-b0665,tRNA-Gln,,,,tRNA-Gln(CUG),,,,
NC_000913.3,RefSeq,exon,696664,696740,,-,,77,exon-b0666-1,"ECOCYC:EG30059,GeneID:945262",,,tRNA,,,,,metU,,,b0666,rna-b0666,tRNA-Met,,,,tRNA-Met(CAU),,,,
NC_000913.3,RefSeq,exon,696756,696830,,-,,75,exon-b0668-1,"ECOCYC:EG30030,GeneID:945750",,,tRNA,,,,,glnW,,,b0668,rna-b0668,tRNA-Gln,,,,tRNA-Gln(UUG),,,,
NC_000913.3,RefSeq,exon,696865,696939,,-,,75,exon-b0670-1,"ECOCYC:EG30028,GeneID:945269",,,tRNA,,,,,glnU,,,b0670,rna-b0670,tRNA-Gln,,,,tRNA-Gln(UUG),,,,
NC_000913.3,RefSeq,exon,696963,697047,,-,,85,exon-b0672-1,"ECOCYC:EG30052,GeneID:945264",,,tRNA,,,,,leuW,,,b0672,rna-b0672,tRNA-Leu,,,,tRNA-Leu(UAG),,,,
NC_000913.3,RefSeq,exon,697057,697133,,-,,77,exon-b0673-1,"ECOCYC:EG30058,GeneID:945280",,,tRNA,,,,,metT,,,b0673,rna-b0673,tRNA-Met,,,,tRNA-Met(CAU),,,,
NC_000913.3,RefSeq,exon,708236,708333,,+,,98,exon-b4808-1,"ECOCYC:G0-17083,GeneID:71004556",,,ncRNA,,,,,chiZ,,,b4808,rna-b4808,small regulatory RNA ChiZ,,,,,,,,
NC_000913.3,RefSeq,exon,765050,765150,,+,,101,exon-b4764-1,"ECOCYC:G0-17009,GeneID:63925629",,,ncRNA,,,,,sdhX,,,b4764,rna-b4764,small regulatory RNA SdhX,,,,,,,,
NC_000913.3,RefSeq,exon,780554,780629,,+,,76,exon-b0743-1,"ECOCYC:EG30055,GeneID:945336",,,tRNA,,,,,lysT,,,b0743,rna-b0743,tRNA-Lys,,,,tRNA-Lys(UUU),,,,
NC_000913.3,RefSeq,exon,780765,780840,,+,,76,exon-b0744-1,"ECOCYC:EG30109,GeneID:945331",,,tRNA,,,,,valT,,,b0744,rna-b0744,tRNA-Val,,,,tRNA-Val(UAC),,,,
NC_000913.3,RefSeq,exon,780843,780918,,+,,76,exon-b0745-1,"ECOCYC:EG30057,GeneID:945338",,,tRNA,,,,,lysW,,,b0745,rna-b0745,tRNA-Lys,,,,tRNA-Lys(UUU),,,,
NC_000913.3,RefSeq,exon,781068,781143,,+,,76,exon-b0746-1,"ECOCYC:G6389,GeneID:945345",,,tRNA,,,,,valZ,,,b0746,rna-b0746,tRNA-Val,,,,tRNA-Val(UAC),,,,
NC_000913.3,RefSeq,exon,781147,781222,,+,,76,exon-b0747-1,"ECOCYC:G6390,GeneID:945342",,,tRNA,,,,,lysY,,,b0747,rna-b0747,tRNA-Lys,,,,tRNA-Lys(UUU),,,,
NC_000913.3,RefSeq,exon,781369,781444,,+,,76,exon-b0748-1,"ECOCYC:G6391,GeneID:945352",,,tRNA,,,,,lysZ,,,b0748,rna-b0748,tRNA-Lys,,,,tRNA-Lys(UUU),,,,
NC_000913.3,RefSeq,exon,781577,781652,,+,,76,exon-b0749-1,"ECOCYC:G6392,GeneID:945353",,,tRNA,,,,,lysQ,,,b0749,rna-b0749,tRNA-Lys,,,,tRNA-Lys(UUU),,,,
NC_000913.3,RefSeq,exon,837435,837531,,-,,97,exon-b4814-1,"ECOCYC:G0-17089,GeneID:71004557",,,ncRNA,,,,,zbiJ,,,b4814,rna-b4814,small regulatory RNA ZbiJ,,,,,,,,
NC_000913.3,RefSeq,exon,852725,853064,,-,,340,exon-b4416-1,"ECOCYC:G0-8881,GeneID:2847681",,,ncRNA,,,,,rybA,,,b4416,rna-b4416,small RNA RybA,,,,,,,,
NC_000913.3,RefSeq,exon,887979,888057,,-,,79,exon-b4417-1,"ECOCYC:G0-8880,GeneID:2847774",,,ncRNA,,,,,rybB,,,b4417,rna-b4417,small regulatory RNA RybB,,,,,,,,
NC_000913.3,RefSeq,exon,925884,925971,,-,,88,exon-b0883-1,"ECOCYC:EG30096,GeneID:945501",,,tRNA,,,,,serW,,,b0883,rna-b0883,tRNA-Ser,,,,tRNA-Ser(GGA),,,,
NC_000913.3,RefSeq,exon,1031625,1031712,,-,,88,exon-b0971-1,"ECOCYC:EG30093,GeneID:944826",,,tRNA,,,,,serT,,,b0971,rna-b0971,tRNA-Ser,,,,tRNA-Ser(UGA),,,,
NC_000913.3,RefSeq,exon,1097565,1097652,,-,,88,exon-b1032-1,"ECOCYC:EG30097,GeneID:945714",,,tRNA,,,,,serX,,,b1032,rna-b1032,tRNA-Ser,,,,tRNA-Ser(GGA),,,,
NC_000913.3,RefSeq,exon,1140986,1141063,,+,,78,exon-b4826-1,"ECOCYC:G0-17101,GeneID:71004558",,,ncRNA,,,,,flgO,,,b4826,rna-b4826,small RNA FlgO,,,,,,,,
NC_000913.3,RefSeq,exon,1146589,1146757,,+,,169,exon-b4418-1,"ECOCYC:G0-8862,GeneID:2847755",,,ncRNA,,,,,sraB,,,b4418,rna-b4418,small RNA SraB,,,,,,,,
NC_000913.3,RefSeq,exon,1169303,1169402,,+,,100,exon-b4832-1,"ECOCYC:G0-17107,GeneID:71004559",,,ncRNA,,,,,bhsB,,,b4832,rna-b4832,small RNA BhsB,,,,,,,,
NC_000913.3,RefSeq,exon,1190165,1190508,,+,,344,exon-b4843-1,"ECOCYC:G0-17124,GeneID:302211666",,,ncRNA,,,,,asphoP,,,b4843,rna-b4843,small antisense RNA AsphoP,,,,,,,,
NC_000913.3,RefSeq,exon,1196711,1196782,,+,,72,exon-b4806-1,"ECOCYC:G0-8897,GeneID:71004560",,,ncRNA,,,,,C0293,,,b4806,rna-b4806,small regulatory RNA C0293,,,,,,,,
NC_000913.3,RefSeq,exon,1269323,1269389,,+,,67,exon-b4420-1,"ECOCYC:G0-9603,GeneID:2847734",,,ncRNA,,,,,rdlA,,,b4420,rna-b4420,putative antisense regulatory RNA RdlA,,,,,,,,
NC_000913.3,RefSeq,exon,1269858,1269923,,+,,66,exon-b4422-1,"ECOCYC:G0-9606,GeneID:2847770",,,ncRNA,,,,,rdlB,,,b4422,rna-b4422,putative antisense regulatory RNA RdlB,,,,,,,,
NC_000913.3,RefSeq,exon,1270393,1270460,,+,,68,exon-b4424-1,"ECOCYC:G0-9608,GeneID:2847680",,,ncRNA,,,,,rdlC,,,b4424,rna-b4424,putative antisense regulatory RNA RdlC,,,,,,,,
NC_000913.3,RefSeq,exon,1279337,1279520,,+,,184,exon-b4813-1,"ECOCYC:G0-17088,GeneID:71004562",,,ncRNA,,,,,narS,,,b4813,rna-b4813,putative small regulatory RNA NarS,,,,,,,,
NC_000913.3,RefSeq,exon,1287066,1287236,,-,,171,exon-b4425-1,"ECOCYC:G0-9609,GeneID:2847683",,,ncRNA,,,,,rttR,,,b4425,rna-b4425,small RNA RttR,,,,,,,,
NC_000913.3,RefSeq,exon,1287244,1287328,,-,,85,exon-b1230-1,"ECOCYC:EG30108,GeneID:945811",,,tRNA,,,,,tyrV,,,b1230,rna-b1230,tRNA-Tyr,,,,tRNA-Tyr(GUA),,,,
NC_000913.3,RefSeq,exon,1287538,1287622,,-,,85,exon-b1231-1,"ECOCYC:EG30106,GeneID:945820",,,tRNA,,,,,tyrT,,,b1231,rna-b1231,tRNA-Tyr,,,,tRNA-Tyr(GUA),,,,
NC_000913.3,RefSeq,exon,1405658,1405751,,-,,94,exon-b4426-1,"ECOCYC:G0-8899,GeneID:2847751",,,ncRNA,,,,,mcaS,,,b4426,rna-b4426,small regulatory RNA McaS,,,,,,,,
NC_000913.3,RefSeq,exon,1409129,1409250,,+,,122,exon-b4699-1,"ECOCYC:G0-10677,GeneID:8764968",,,ncRNA,,,,,fnrS,,,b4699,rna-b4699,small regulatory RNA FnrS,,,,,,,,
NC_000913.3,RefSeq,exon,1413556,1413734,,+,,179,exon-b4714-1,"ECOCYC:G0-16600,GeneID:20160642",,,ncRNA,,,,,ralA,,,b4714,rna-b4714,small regulatory RNA antitoxin RalA,,,,,,,,
NC_000913.3,RefSeq,exon,1418405,1418502,,-,,98,exon-b4833-1,"ECOCYC:G0-17108,GeneID:71004563",,,ncRNA,,,,,kilS,,,b4833,rna-b4833,small RNA KilS,,,,,,,,
NC_000913.3,RefSeq,exon,1437121,1437231,,+,,111,exon-b4427-1,"ECOCYC:G0-8901,GeneID:2847713",,,ncRNA,,,,,micC,,,b4427,rna-b4427,small regulatory RNA MicC,,,,,,,,
NC_000913.3,RefSeq,exon,1491442,1491506,,-,,65,exon-b4597-1,"ECOCYC:G0-10592,GeneID:5061508",,,ncRNA,,,,,rydC,,,b4597,rna-b4597,small regulatory RNA RydC,,,,,,,,
NC_000913.3,RefSeq,exon,1492119,1492175,,+,,57,exon-b4429-1,"ECOCYC:G0-9611,GeneID:2847728",,,ncRNA,,,,,sokB,,,b4429,rna-b4429,putative small regulatory RNA antitoxin SokB,,,,,,,,
NC_000913.3,RefSeq,exon,1622817,1622914,,-,,98,exon-b4698-1,"ECOCYC:G0-10671,GeneID:8764967",,,ncRNA,,,,,mgrR,,,b4698,rna-b4698,small regulatory RNA MgrR,,,,,,,,
NC_000913.3,RefSeq,exon,1649382,1649434,,+,,53,exon-b1574-1,"ECOCYC:EG31115,GeneID:946140",,,ncRNA,,,,,dicF,,,b1574,rna-b1574,small regulatory RNA DicF,,,,,,,,
NC_000913.3,RefSeq,exon,1746435,1746511,,+,,77,exon-b1665-1,"ECOCYC:EG30111,GeneID:946170",,,tRNA,,,,,valV,,,b1665,rna-b1665,tRNA-Val,,,,tRNA-Val(GAC),,,,
NC_000913.3,RefSeq,exon,1746516,1746592,,+,,77,exon-b1666-1,"ECOCYC:EG30112,GeneID:949069",,,tRNA,,,,,valW,,,b1666,rna-b1666,tRNA-Val,,,,tRNA-Val(GAC),,,,
NC_000913.3,RefSeq,exon,1764713,1764780,,-,,68,exon-b4430-1,"ECOCYC:G0-8876,GeneID:2847670",,,ncRNA,,,,,rydB,,,b4430,rna-b4430,small regulatory RNA RydB,,,,,,,,
NC_000913.3,RefSeq,exon,1770372,1770477,,+,,106,exon-b4431-1,"ECOCYC:G0-8863,GeneID:2847671",,,ncRNA,,,,,rprA,,,b4431,rna-b4431,small regulatory RNA RprA,,,,,,,,
NC_000913.3,RefSeq,exon,1923066,1923337,,+,,272,exon-b4432-1,"ECOCYC:G0-8865,GeneID:2847771",,,ncRNA,,,,,ryeA,,,b4432,rna-b4432,small antisense RNA RyeA,,,,,,,,
NC_000913.3,RefSeq,exon,1923104,1923207,,-,,104,exon-b4433-1,"ECOCYC:G0-8883,GeneID:2847772",,,ncRNA,,,,,sdsR,,,b4433,rna-b4433,small regulatory RNA SdsR,,,,,,,,
NC_000913.3,RefSeq,exon,1958441,1958747,,-,,307,exon-b4717-1,"ECOCYC:G0-16601,GeneID:38094966",,,ncRNA,,,,,micL,,,b4717,rna-b4717,small regulatory RNA MicL,,,,,,,,
NC_000913.3,RefSeq,exon,1977208,1977302,,-,,95,exon-b4828-1,"ECOCYC:G0-17103,GeneID:71004565",,,ncRNA,,,,,motR,,,b4828,rna-b4828,small RNA MotR,,,,,,,,
NC_000913.3,RefSeq,exon,1978176,1978395,,+,,220,exon-b4839-1,"ECOCYC:G0-17119,GeneID:302211665",,,ncRNA,,,,,asflhD,,,b4839,rna-b4839,small antisense RNA AsflhD,,,,,,,,
NC_000913.3,RefSeq,exon,1987843,1988001,,-,,159,exon-b4434-1,"ECOCYC:G0-17112,GeneID:2847689",,,ncRNA,,,,,azuR,,,b4434,rna-b4434,small regulatory RNA AzuR,,,,,,,,
NC_000913.3,RefSeq,exon,1991748,1991814,,-,,67,exon-b4759-1,"ECOCYC:G0-16636,GeneID:63925640",,,ncRNA,,,,,3'ETS-leuZ,,,b4759,rna-b4759,small regulatory RNA 3'ETSleuZ,,,,,,,,
NC_000913.3,RefSeq,exon,1991815,1991901,,-,,87,exon-b1909-1,"ECOCYC:EG30054,GeneID:945662",,,tRNA,,,,,leuZ,,,b1909,rna-b1909,tRNA-Leu,,,,tRNA-Leu(UAA),,,,
NC_000913.3,RefSeq,exon,1991914,1991987,,-,,74,exon-b1910-1,"ECOCYC:G7991,GeneID:946414",,,tRNA,,,,,cysT,,,b1910,rna-b1910,tRNA-Cys,,,,tRNA-Cys(GCA),,,,
NC_000913.3,RefSeq,exon,1992042,1992117,,-,,76,exon-b1911-1,"ECOCYC:EG30039,GeneID:946416",,,tRNA,,,,,glyW,,,b1911,rna-b1911,tRNA-Gly,,,,tRNA-Gly(GCC),,,,
NC_000913.3,RefSeq,exon,1996921,1997057,,+,,137,exon-b4719-1,"ECOCYC:G0-10699,GeneID:38094968",,,ncRNA,,,,,sdsN,,,b4719,rna-b4719,small regulatory RNA SdsN,,,,,,,,
NC_000913.3,RefSeq,exon,2001912,2002106,,-,,195,exon-b4827-1,"ECOCYC:G0-17102,GeneID:71004566",,,ncRNA,,,,,fliX,,,b4827,rna-b4827,small RNA FliX,,,,,,,,
NC_000913.3,RefSeq,exon,2025223,2025313,,-,,91,exon-b1954-1,"ECOCYC:G7047,GeneID:946470",,,ncRNA,,,,,dsrA,,,b1954,rna-b1954,small regulatory RNA DsrA,,,,,,,,
NC_000913.3,RefSeq,exon,2033649,2033739,,+,,91,exon-b4603-1,"ECOCYC:G0-10574,GeneID:5061507",,,ncRNA,,,,,rseX,,,b4603,rna-b4603,small regulatory RNA RseX,,,,,,,,
NC_000913.3,RefSeq,exon,2043468,2043557,,-,,90,exon-b1975-1,"ECOCYC:EG30094,GeneID:946492",,,tRNA,,,,,serU,,,b1975,rna-b1975,tRNA-Ser,,,,tRNA-Ser(CGA),,,,
NC_000913.3,RefSeq,exon,2044549,2044624,,+,,76,exon-b1977-1,"ECOCYC:EG30020,GeneID:946488",,,tRNA,,,,,asnT,,,b1977,rna-b1977,tRNA-Asn,,,,tRNA-Asn(GUU),,,,
NC_000913.3,RefSeq,exon,2058027,2058102,,-,,76,exon-b1984-1,"ECOCYC:G7069,GeneID:946494",,,tRNA,,,,,asnW,,,b1984,rna-b1984,tRNA-Asn,,,,tRNA-Asn(GUU),,,,
NC_000913.3,RefSeq,exon,2059851,2059926,,+,,76,exon-b1986-1,"ECOCYC:EG30021,GeneID:946503",,,tRNA,,,,,asnU,,,b1986,rna-b1986,tRNA-Asn,,,,tRNA-Asn(GUU),,,,
NC_000913.3,RefSeq,exon,2062260,2062335,,+,,76,exon-b1989-1,"ECOCYC:EG30022,GeneID:946509",,,tRNA,,,,,asnV,,,b1989,rna-b1989,tRNA-Asn,,,,tRNA-Asn(GUU),,,,
NC_000913.3,RefSeq,exon,2071317,2071511,,+,,195,exon-b4435-1,"ECOCYC:G0-8905,GeneID:2847691",,,ncRNA,,,,,isrC,,,b4435,rna-b4435,small RNA IsrC,,,,,,,,
NC_000913.3,RefSeq,exon,2153311,2153454,,+,,144,exon-b4436-1,"ECOCYC:G0-8884,GeneID:2847673",,,ncRNA,,,,,sibA,,,b4436,rna-b4436,small RNA SibA,,,,,,,,
NC_000913.3,RefSeq,exon,2153646,2153781,,+,,136,exon-b4437-1,"ECOCYC:G0-8885,GeneID:2847674",,,ncRNA,,,,,sibB,,,b4437,rna-b4437,small RNA SibB,,,,,,,,
NC_000913.3,RefSeq,exon,2167114,2167200,,+,,87,exon-b4438-1,"ECOCYC:G0-8878,GeneID:2847769",,,ncRNA,,,,,cyaR,,,b4438,rna-b4438,small regulatory RNA CyaR,,,,,,,,
NC_000913.3,RefSeq,exon,2286211,2286287,,+,,77,exon-b2189-1,"ECOCYC:EG30067,GeneID:946320",,,tRNA,,,,,proL,,,b2189,rna-b2189,tRNA-Pro,,,,tRNA-Pro(GGG),,,,
NC_000913.3,RefSeq,exon,2313084,2313176,,+,,93,exon-b4439-1,"ECOCYC:EG30063,GeneID:2847742",,,ncRNA,,,,,micF,,,b4439,rna-b4439,small regulatory RNA MicF,,,,,,,,
NC_000913.3,RefSeq,exon,2466309,2466383,,+,,75,exon-b2348-1,"ECOCYC:EG30016,GeneID:945486",,,tRNA,,,,,argW,,,b2348,rna-b2348,tRNA-Arg,,,,tRNA-Arg(CCU),,,,
NC_000913.3,RefSeq,exon,2518041,2518116,,-,,76,exon-b2396-1,"ECOCYC:EG30012,GeneID:946859",,,tRNA,,,,,alaX,,,b2396,rna-b2396,tRNA-Ala,,,,tRNA-Ala(GGC),,,,
NC_000913.3,RefSeq,exon,2518156,2518231,,-,,76,exon-b2397-1,"ECOCYC:EG30011,GeneID:946860",,,tRNA,,,,,alaW,,,b2397,rna-b2397,tRNA-Ala,,,,tRNA-Ala(GGC),,,,
NC_000913.3,RefSeq,exon,2520931,2521006,,+,,76,exon-b2401-1,"ECOCYC:EG30110,GeneID:946824",,,tRNA,,,,,valU,,,b2401,rna-b2401,tRNA-Val,,,,tRNA-Val(UAC),,,,
NC_000913.3,RefSeq,exon,2521051,2521126,,+,,76,exon-b2402-1,"ECOCYC:EG30113,GeneID:946817",,,tRNA,,,,,valX,,,b2402,rna-b2402,tRNA-Val,,,,tRNA-Val(UAC),,,,
NC_000913.3,RefSeq,exon,2521173,2521248,,+,,76,exon-b2403-1,"ECOCYC:EG30114,GeneID:946870",,,tRNA,,,,,valY,,,b2403,rna-b2403,tRNA-Val,,,,tRNA-Val(UAC),,,,
NC_000913.3,RefSeq,exon,2521253,2521328,,+,,76,exon-b2404-1,"ECOCYC:EG30056,GeneID:946866",,,tRNA,,,,,lysV,,,b2404,rna-b2404,tRNA-Lys,,,,tRNA-Lys(UUU),,,,
NC_000913.3,RefSeq,exon,2640595,2640686,,-,,92,exon-b4761-1,"ECOCYC:G0-9385,GeneID:63925644",,,ncRNA,,,,,sroE,,,b4761,rna-b4761,small RNA SroE,,,,,,,,
NC_000913.3,RefSeq,exon,2653356,2653455,,-,,100,exon-b4811-1,"ECOCYC:G0-17086,GeneID:71004569",,,ncRNA,,,,,timR,,,b4811,rna-b4811,putative small regulatory RNA TimR,,,,,,,,
NC_000913.3,RefSeq,exon,2653855,2654158,,+,,304,exon-b4440-1,"ECOCYC:G0-8879,GeneID:2847714",,,ncRNA,,,,,ryfA,,,b4440,rna-b4440,small regulatory RNA RyfA,,,,,,,,
NC_000913.3,RefSeq,exon,2691157,2691340,,-,,184,exon-b4441-1,"ECOCYC:G0-8910,GeneID:2847700",,,ncRNA,,,,,glmY,,,b4441,rna-b4441,small regulatory RNA GlmY,,,,,,,,
NC_000913.3,RefSeq,exon,2700520,2700598,,+,,79,exon-b4608-1,"ECOCYC:G0-10598,GeneID:5061518",,,ncRNA,,,,,ohsC,,,b4608,rna-b4608,small regulatory RNA OhsC,,,,,,,,
NC_000913.3,RefSeq,exon,2726069,2726188,,-,,120,exon-b2588-1,"ECOCYC:EG30075,GeneID:947070",,,rRNA,,,,,rrfG,,,b2588,rna-b2588,5S ribosomal RNA,,,,,,,,
NC_000913.3,RefSeq,exon,2726281,2729184,,-,,2904,exon-b2589-1,"ECOCYC:EG30082,GeneID:947585",,,rRNA,,,,,rrlG,,,b2589,rna-b2589,23S ribosomal RNA,,,,,,,,
NC_000913.3,RefSeq,exon,2729369,2729444,,-,,76,exon-b2590-1,"ECOCYC:EG30035,GeneID:947076",,,tRNA,,,,,gltW,,,b2590,rna-b2590,tRNA-Glu,,,,tRNA-Glu(UUC),,,,
NC_000913.3,RefSeq,exon,2729616,2731157,,-,,1542,exon-b2591-1,"ECOCYC:EG30089,GeneID:947071",,,rRNA,,,,,rrsG,,,b2591,rna-b2591,16S ribosomal RNA,,,,,,,,
NC_000913.3,RefSeq,exon,2734153,2734295,,-,,143,exon-b4609-1,"ECOCYC:G0-10600,GeneID:5061506",,,ncRNA,,,,,ryfD,,,b4609,rna-b4609,small regulatory RNA RyfD,,,,,,,,
NC_000913.3,RefSeq,exon,2737381,2737542,,+,,162,exon-b4805-1,"ECOCYC:G0-17078,GeneID:71004571",,,ncRNA,,,,,raiZ,,,b4805,rna-b4805,small RNA RaiZ,,,,,,,,
NC_000913.3,RefSeq,exon,2785762,2785837,,-,,76,exon-b2652-1,"ECOCYC:G7387,GeneID:947163",,,tRNA,,,,,ileY,,,b2652,rna-b2652,tRNA-Ile,,,,tRNA-Ile(CAU),,,,
NC_000913.3,RefSeq,exon,2814802,2814874,,+,,73,exon-b4442-1,"ECOCYC:G0-8866,GeneID:2847697",,,ncRNA,,,,,micA,,,b4442,rna-b4442,small regulatory RNA MicA,,,,,,,,
NC_000913.3,RefSeq,exon,2817784,2817860,,-,,77,exon-b2691-1,"ECOCYC:EG30013,GeneID:947150",,,tRNA,,,,,argQ,,,b2691,rna-b2691,tRNA-Arg,,,,tRNA-Arg(ACG),,,,
NC_000913.3,RefSeq,exon,2818059,2818135,,-,,77,exon-b2692-1,"ECOCYC:EG30019,GeneID:947171",,,tRNA,,,,,argZ,,,b2692,rna-b2692,tRNA-Arg,,,,tRNA-Arg(ACG),,,,
NC_000913.3,RefSeq,exon,2818198,2818274,,-,,77,exon-b2693-1,"ECOCYC:EG30018,GeneID:946596",,,tRNA,,,,,argY,,,b2693,rna-b2693,tRNA-Arg,,,,tRNA-Arg(ACG),,,,
NC_000913.3,RefSeq,exon,2818473,2818549,,-,,77,exon-b2694-1,"ECOCYC:EG30015,GeneID:947209",,,tRNA,,,,,argV,,,b2694,rna-b2694,tRNA-Arg,,,,tRNA-Arg(ACG),,,,
NC_000913.3,RefSeq,exon,2818553,2818645,,-,,93,exon-b2695-1,"ECOCYC:EG30095,GeneID:947173",,,tRNA,,,,,serV,,,b2695,rna-b2695,tRNA-Ser,,,,tRNA-Ser(GCU),,,,
NC_000913.3,RefSeq,exon,2887353,2887411,,+,,59,exon-b4701-1,"ECOCYC:G0-10695,GeneID:8764970",,,ncRNA,,,,,sokX,,,b4701,rna-b4701,small RNA SokX,,,,,,,,
NC_000913.3,RefSeq,exon,2911051,2911450,,+,,400,exon-b4844-1,"ECOCYC:G0-17125,GeneID:302211667",,,ncRNA,,,,,ameF,,,b4844,rna-b4844,small antisense RNA aMEF,,,,,,,,
NC_000913.3,RefSeq,exon,2924156,2924524,,-,,369,exon-b4408-1,"ECOCYC:G0-8785,GeneID:2847719",,,ncRNA,,,,,csrB,,,b4408,rna-b4408,small regulatory RNA CsrB,,,,,,,,
NC_000913.3,RefSeq,exon,2942696,2942901,,+,,206,exon-b4443-1,"ECOCYC:G0-8867,GeneID:2847720",,,ncRNA,,,,,gcvB,,,b4443,rna-b4443,small regulatory RNA GcvB,,,,,,,,
NC_000913.3,RefSeq,exon,2947387,2947463,,+,,77,exon-b2814-1,"ECOCYC:EG30062,GeneID:947198",,,tRNA,,,,,metZ,,,b2814,rna-b2814,tRNA-Met,,,,tRNA-initiator Met(CAU),,,,
NC_000913.3,RefSeq,exon,2947497,2947573,,+,,77,exon-b2815-1,"ECOCYC:EG31117,GeneID:947292",,,tRNA,,,,,metW,,,b2815,rna-b2815,tRNA-Met,,,,tRNA-initiator Met(CAU),,,,
NC_000913.3,RefSeq,exon,2947607,2947683,,+,,77,exon-b2816-1,"ECOCYC:EG30060,GeneID:946037",,,tRNA,,,,,metV,,,b2816,rna-b2816,tRNA-Met,,,,tRNA-initiator Met(CAU),,,,
NC_000913.3,RefSeq,exon,2976102,2976189,,-,,88,exon-b4444-1,"ECOCYC:G0-8868,GeneID:2847746",,,ncRNA,,,,,omrA,,,b4444,rna-b4444,small regulatory RNA OmrA,,,,,,,,
NC_000913.3,RefSeq,exon,2976304,2976385,,-,,82,exon-b4445-1,"ECOCYC:G0-8882,GeneID:2847747",,,ncRNA,,,,,omrB,,,b4445,rna-b4445,small regulatory RNA OmrB,,,,,,,,
NC_000913.3,RefSeq,exon,2998984,2999057,,-,,74,exon-b2864-1,"ECOCYC:EG30037,GeneID:947343",,,tRNA,,,,,glyU,,,b2864,rna-b2864,tRNA-Gly,,,,tRNA-Gly(CCC),,,,
NC_000913.3,RefSeq,exon,3055983,3056165,,+,,183,exon-b2911-1,"ECOCYC:EG30099,GeneID:947405",,,ncRNA,,,,,ssrS,,,b2911,rna-b2911,6S RNA,,,,,,,,
NC_000913.3,RefSeq,exon,3056851,3056991,,+,,141,exon-b4446-1,"ECOCYC:G0-8886,GeneID:2847749",,,ncRNA,,,,,sibC,,,b4446,rna-b4446,small regulatory RNA antitoxin SibC,,,,,,,,
NC_000913.3,RefSeq,exon,3110366,3110441,,+,,76,exon-b2967-1,"ECOCYC:EG30065,GeneID:947463",,,tRNA,,,,,pheV,,,b2967,rna-b2967,tRNA-Phe,,,,tRNA-Phe(GAA),,,,
NC_000913.3,RefSeq,exon,3194721,3194865,,-,,145,exon-b4447-1,"ECOCYC:G0-8913,GeneID:2847684",,,ncRNA,,,,,sibD,,,b4447,rna-b4447,small RNA SibD,,,,,,,,
NC_000913.3,RefSeq,exon,3195097,3195240,,-,,144,exon-b4611-1,"ECOCYC:G0-10602,GeneID:5061520",,,ncRNA,,,,,sibE,,,b4611,rna-b4611,small RNA SibE,,,,,,,,
NC_000913.3,RefSeq,exon,3215598,3215673,,+,,76,exon-b3069-1,"ECOCYC:EG30046,GeneID:947558",,,tRNA,,,,,ileX,,,b3069,rna-b3069,tRNA-Ile,,,,tRNA-Ile(CAU),,,,
NC_000913.3,RefSeq,exon,3270216,3270592,,-,,377,exon-b3123-1,"ECOCYC:EG30069,GeneID:947634",,,ncRNA,,,,,rnpB,,,b3123,rna-b3123,RNase P catalytic RNA component,,,,,,,,
NC_000913.3,RefSeq,exon,3311183,3311398,,+,,216,exon-b4449-1,"ECOCYC:G0-8870,GeneID:2847685",,,ncRNA,,,,,sraG,,,b4449,rna-b4449,small regulatory RNA SraG,,,,,,,,
NC_000913.3,RefSeq,exon,3318213,3318289,,-,,77,exon-b3171-1,"ECOCYC:EG30061,GeneID:947678",,,tRNA,,,,,metY,,,b3171,rna-b3171,tRNA-Met,,,,tRNA-initiator Met(CAU),,,,
NC_000913.3,RefSeq,exon,3322072,3322158,,-,,87,exon-b3174-1,"ECOCYC:EG30050,GeneID:947505",,,tRNA,,,,,leuU,,,b3174,rna-b3174,tRNA-Leu,,,,tRNA-Leu(GAG),,,,
NC_000913.3,RefSeq,exon,3350577,3350697,,+,,121,exon-b4450-1,"ECOCYC:G0-8871,GeneID:2847690",,,ncRNA,,,,,arcZ,,,b4450,rna-b4450,small regulatory RNA ArcZ,,,,,,,,
NC_000913.3,RefSeq,exon,3423423,3423542,,-,,120,exon-b3272-1,"ECOCYC:EG30091,GeneID:947771",,,rRNA,,,,,rrfF,,,b3272,rna-b3272,5S ribosomal RNA,,,,,,,,
NC_000913.3,RefSeq,exon,3423580,3423655,,-,,76,exon-b3273-1,"ECOCYC:EG30103,GeneID:947770",,,tRNA,,,,,thrV,,,b3273,rna-b3273,tRNA-Thr,,,,tRNA-Thr(GGU),,,,
NC_000913.3,RefSeq,exon,3423668,3423787,,-,,120,exon-b3274-1,"ECOCYC:EG30073,GeneID:947769",,,rRNA,,,,,rrfD,,,b3274,rna-b3274,5S ribosomal RNA,,,,,,,,
NC_000913.3,RefSeq,exon,3423880,3426783,,-,,2904,exon-b3275-1,"ECOCYC:EG30080,GeneID:947773",,,rRNA,,,,,rrlD,,,b3275,rna-b3275,23S ribosomal RNA,,,,,,,,
NC_000913.3,RefSeq,exon,3426958,3427033,,-,,76,exon-b3276-1,"ECOCYC:EG30009,GeneID:947772",,,tRNA,,,,,alaU,,,b3276,rna-b3276,tRNA-Ala,,,,tRNA-Ala(UGC),,,,
NC_000913.3,RefSeq,exon,3427076,3427152,,-,,77,exon-b3277-1,"ECOCYC:EG30044,GeneID:947778",,,tRNA,,,,,ileU,,,b3277,rna-b3277,tRNA-Ile,,,,tRNA-Ile(GAU),,,,
NC_000913.3,RefSeq,exon,3427221,3428762,,-,,1542,exon-b3278-1,"ECOCYC:EG30087,GeneID:947777",,,rRNA,,,,,rrsD,,,b3278,rna-b3278,16S ribosomal RNA,,,,,,,,
NC_000913.3,RefSeq,exon,3438431,3438484,,-,,54,exon-b4846-1,"ECOCYC:G0-17130,GeneID:302211673",,,ncRNA,,,,,yrdG,,,b4846,rna-b4846,arfA-derived small regulatory RNA,,,,,,,,
NC_000913.3,RefSeq,exon,3485953,3486231,,-,,279,exon-b4841-1,"ECOCYC:G0-17122,GeneID:302211670",,,ncRNA,,,,,ascrp,,,b4841,rna-b4841,small antisense RNA AsCRP,,,,,,,,
NC_000913.3,RefSeq,exon,3536438,3536775,,+,,338,exon-b4842-1,"ECOCYC:G0-17123,GeneID:302211671",,,ncRNA,,,,,asompR,,,b4842,rna-b4842,small antisense RNA AsompR,,,,,,,,
NC_000913.3,RefSeq,exon,3580922,3581016,,-,,95,exon-b4451-1,"ECOCYC:G0-8872,GeneID:2847761",,,ncRNA,,,,,ryhB,,,b4451,rna-b4451,small regulatory RNA RyhB,,,,,,,,
NC_000913.3,RefSeq,exon,3648063,3648144,,+,,82,exon-b4712-1,"ECOCYC:G0-10751,GeneID:19351531",,,ncRNA,,,,,agrA,,,b4712,rna-b4712,small RNA AgrA,,,,,,,,
NC_000913.3,RefSeq,exon,3648294,3648375,,+,,82,exon-b4713-1,"ECOCYC:G0-10752,GeneID:19351532",,,ncRNA,,,,,agrB,,,b4713,rna-b4713,small regulatory RNA AgrB,,,,,,,,
NC_000913.3,RefSeq,exon,3657985,3658054,,-,,70,exon-b4704-1,"ECOCYC:G0-10694,GeneID:11115378",,,ncRNA,,,,,arrS,,,b4704,rna-b4704,small regulatory RNA ArrS,,,,,,,,
NC_000913.3,RefSeq,exon,3658992,3659082,,+,,91,exon-b4718-1,"ECOCYC:G0-16680,GeneID:38094974",,,ncRNA,,,,,gadF,,,b4718,rna-b4718,small regulatory RNA GadF,,,,,,,,
NC_000913.3,RefSeq,exon,3664864,3664969,,+,,106,exon-b4452-1,"ECOCYC:G0-8914,GeneID:2847729",,,ncRNA,,,,,gadY,,,b4452,rna-b4452,small regulatory RNA GadY,,,,,,,,
NC_000913.3,RefSeq,exon,3700136,3700199,,+,,64,exon-b4454-1,"ECOCYC:G0-9042,GeneID:2847731",,,ncRNA,,,,,rdlD,,,b4454,rna-b4454,antisense regulatory RNA RdlD,,,,,,,,
NC_000913.3,RefSeq,exon,3708616,3708692,,-,,77,exon-b3545-1,"ECOCYC:EG30066,GeneID:948061",,,tRNA,,,,,proK,,,b3545,rna-b3545,tRNA-Pro,,,,tRNA-Pro(CGG),,,,
NC_000913.3,RefSeq,exon,3729386,3729545,,-,,160,exon-b4834-1,"ECOCYC:G0-17109,GeneID:71004573",,,ncRNA,,,,,xylZ,,,b4834,rna-b4834,small RNA XylZ,,,,,,,,
NC_000913.3,RefSeq,exon,3808166,3808238,,-,,73,exon-b4760-1,"ECOCYC:G0-16662,GeneID:63925660",,,ncRNA,,,,,rirA,,,b4760,rna-b4760,small regulatory RNA RirA,,,,,,,,
NC_000913.3,RefSeq,exon,3836222,3836316,,+,,95,exon-b3658-1,"ECOCYC:EG30092,GeneID:948167",,,tRNA,,,,,selC,,,b3658,rna-b3658,tRNA-Sec,,,,tRNA-Sec(UCA),,,,
NC_000913.3,RefSeq,exon,3845730,3845995,,-,,266,exon-b4829-1,"ECOCYC:G0-17104,GeneID:71004574",,,ncRNA,,,,,uhpU,,,b4829,rna-b4829,small RNA UhpU,,,,,,,,
NC_000913.3,RefSeq,exon,3853118,3853257,,-,,140,exon-b4616-1,"ECOCYC:G0-10201,GeneID:5061525",,,ncRNA,,,,,istR,,,b4616,rna-b4616,small RNA IstR-2,,,,,,,,
NC_000913.3,RefSeq,exon,3853118,3853190,,-,,73,exon-b4616-2-1,"ECOCYC:G0-10201,GeneID:5061525",,,ncRNA,,,,,istR,,,b4616,rna-b4616-2,small regulatory RNA IstR-1,,,,,,,,
NC_000913.3,RefSeq,exon,3937045,3937278,,+,,234,exon-b4804-1,"ECOCYC:G0-17077,GeneID:71004575",,,ncRNA,,,,,rbsZ,,,b4804,rna-b4804,small regulatory RNA RbsZ,,,,,,,,
NC_000913.3,RefSeq,exon,3941808,3943349,,+,,1542,exon-b3756-1,"ECOCYC:EG30086,GeneID:948270",,,rRNA,,,,,rrsC,,,b3756,rna-b3756,16S ribosomal RNA,,,,,,,,
NC_000913.3,RefSeq,exon,3943435,3943510,,+,,76,exon-b3757-1,"ECOCYC:EG30033,GeneID:948271",,,tRNA,,,,,gltU,,,b3757,rna-b3757,tRNA-Glu,,,,tRNA-Glu(UUC),,,,
NC_000913.3,RefSeq,exon,3943704,3946607,,+,,2904,exon-b3758-1,"ECOCYC:EG30079,GeneID:948268",,,rRNA,,,,,rrlC,,,b3758,rna-b3758,23S ribosomal RNA,,,,,,,,
NC_000913.3,RefSeq,exon,3946700,3946819,,+,,120,exon-b3759-1,"ECOCYC:EG30072,GeneID:948273",,,rRNA,,,,,rrfC,,,b3759,rna-b3759,5S ribosomal RNA,,,,,,,,
NC_000913.3,RefSeq,exon,3946872,3946948,,+,,77,exon-b3760-1,"ECOCYC:EG30023,GeneID:948276",,,tRNA,,,,,aspT,,,b3760,rna-b3760,tRNA-Asp,,,,tRNA-Asp(GUC),,,,
NC_000913.3,RefSeq,exon,3946957,3947032,,+,,76,exon-b3761-1,"ECOCYC:EG30105,GeneID:948275",,,tRNA,,,,,trpT,,,b3761,rna-b3761,tRNA-Trp,,,,tRNA-Trp(CCA),,,,
NC_000913.3,RefSeq,exon,3982375,3982451,,+,,77,exon-b3796-1,"ECOCYC:EG30017,GeneID:945107",,,tRNA,,,,,argX,,,b3796,rna-b3796,tRNA-Arg,,,,tRNA-Arg(CCG),,,,
NC_000913.3,RefSeq,exon,3982509,3982585,,+,,77,exon-b3797-1,"ECOCYC:EG30042,GeneID:948305",,,tRNA,,,,,hisR,,,b3797,rna-b3797,tRNA-His,,,,tRNA-His(GUG),,,,
NC_000913.3,RefSeq,exon,3982606,3982692,,+,,87,exon-b3798-1,"ECOCYC:EG30049,GeneID:948304",,,tRNA,,,,,leuT,,,b3798,rna-b3798,tRNA-Leu,,,,tRNA-Leu(CAG),,,,
NC_000913.3,RefSeq,exon,3982735,3982811,,+,,77,exon-b3799-1,"ECOCYC:EG30068,GeneID:948303",,,tRNA,,,,,proM,,,b3799,rna-b3799,tRNA-Pro,,,,tRNA-Pro(UGG),,,,
NC_000913.3,RefSeq,exon,3986432,3986603,,+,,172,exon-b4456-1,"ECOCYC:G0-8873,GeneID:2847678",,,ncRNA,,,,,glmZ,,,b4456,rna-b4456,small regulatory RNA GlmZ,,,,,,,,
NC_000913.3,RefSeq,exon,4019978,4020229,,+,,252,exon-b4707-1,"ECOCYC:G0-10737,GeneID:14678511",,,ncRNA,,,,,esrE,,,b4707,rna-b4707,small RNA EsrE,,,,,,,,
NC_000913.3,RefSeq,exon,4035531,4037072,,+,,1542,exon-b3851-1,"ECOCYC:EG30084,GeneID:948332",,,rRNA,,,,,rrsA,,,b3851,rna-b3851,16S ribosomal RNA,,,,,,,,
NC_000913.3,RefSeq,exon,4037141,4037217,,+,,77,exon-b3852-1,"ECOCYC:EG30043,GeneID:948339",,,tRNA,,,,,ileT,,,b3852,rna-b3852,tRNA-Ile,,,,tRNA-Ile(GAU),,,,
NC_000913.3,RefSeq,exon,4037260,4037335,,+,,76,exon-b3853-1,"ECOCYC:EG30008,GeneID:948337",,,tRNA,,,,,alaT,,,b3853,rna-b3853,tRNA-Ala,,,,tRNA-Ala(UGC),,,,
NC_000913.3,RefSeq,exon,4037519,4040423,,+,,2905,exon-b3854-1,"ECOCYC:EG30077,GeneID:948341",,,rRNA,,,,,rrlA,,,b3854,rna-b3854,23S ribosomal RNA,,,,,,,,
NC_000913.3,RefSeq,exon,4040517,4040636,,+,,120,exon-b3855-1,"ECOCYC:EG30070,GeneID:948345",,,rRNA,,,,,rrfA,,,b3855,rna-b3855,5S ribosomal RNA,,,,,,,,
NC_000913.3,RefSeq,exon,4049899,4050009,,+,,111,exon-b3864-1,"ECOCYC:EG30098,GeneID:948354",,,ncRNA,,,,,spf,,,b3864,rna-b3864,small regulatory RNA Spot 42,,,,,,,,
NC_000913.3,RefSeq,exon,4051036,4051281,,+,,246,exon-b4457-1,"ECOCYC:G0-8874,GeneID:2847776",,,ncRNA,,,,,csrC,,,b4457,rna-b4457,small regulatory RNA CsrC,,,,,,,,
NC_000913.3,RefSeq,exon,4056428,4056621,,-,,194,exon-b4836-1,"ECOCYC:G0-17117,GeneID:302211669",,,ncRNA,,,,,glnZ,,,b4836,rna-b4836,small regulatory RNA GlnZ,,,,,,,,
NC_000913.3,RefSeq,exon,4106330,4106387,,+,,58,exon-b4716-1,"ECOCYC:G0-16649,GeneID:38094976",,,ncRNA,,,,,cpxQ,,,b4716,rna-b4716,small regulatory RNA CpxQ,,,,,,,,
NC_000913.3,RefSeq,exon,4158278,4158394,,-,,117,exon-b4458-1,"ECOCYC:EG31116,GeneID:2847701",,,ncRNA,,,,,oxyS,,,b4458,rna-b4458,small regulatory RNA OxyS,,,,,,,,
NC_000913.3,RefSeq,exon,4166659,4168200,,+,,1542,exon-b3968-1,"ECOCYC:EG30085,GeneID:948466",,,rRNA,,,,,rrsB,,,b3968,rna-b3968,16S ribosomal RNA,,,,,,,,
NC_000913.3,RefSeq,exon,4168372,4168447,,+,,76,exon-b3969-1,"ECOCYC:EG30032,GeneID:948465",,,tRNA,,,,,gltT,,,b3969,rna-b3969,tRNA-Glu,,,,tRNA-Glu(UUC),,,,
NC_000913.3,RefSeq,exon,4168641,4171544,,+,,2904,exon-b3970-1,"ECOCYC:EG30078,GeneID:948473",,,rRNA,,,,,rrlB,,,b3970,rna-b3970,23S ribosomal RNA,,,,,,,,
NC_000913.3,RefSeq,exon,4171637,4171756,,+,,120,exon-b3971-1,"ECOCYC:EG30071,GeneID:948471",,,rRNA,,,,,rrfB,,,b3971,rna-b3971,5S ribosomal RNA,,,,,,,,
NC_000913.3,RefSeq,exon,4175388,4175463,,+,,76,exon-b3976-1,"ECOCYC:EG30102,GeneID:948476",,,tRNA,,,,,thrU,,,b3976,rna-b3976,tRNA-Thr,,,,tRNA-Thr(UGU),,,,
NC_000913.3,RefSeq,exon,4175472,4175556,,+,,85,exon-b3977-1,"ECOCYC:EG30107,GeneID:948474",,,tRNA,,,,,tyrU,,,b3977,rna-b3977,tRNA-Tyr,,,,tRNA-Tyr(GUA),,,,
NC_000913.3,RefSeq,exon,4175673,4175747,,+,,75,exon-b3978-1,"ECOCYC:EG30036,GeneID:948481",,,tRNA,,,,,glyT,,,b3978,rna-b3978,tRNA-Gly,,,,tRNA-Gly(UCC),,,,
NC_000913.3,RefSeq,exon,4175754,4175829,,+,,76,exon-b3979-1,"ECOCYC:EG30101,GeneID:948480",,,tRNA,,,,,thrT,,,b3979,rna-b3979,tRNA-Thr,,,,tRNA-Thr(GGU),,,,
NC_000913.3,RefSeq,exon,4190327,4190487,,-,,161,exon-b4691-1,"ECOCYC:G0-9388,GeneID:7751646",,,ncRNA,,,,,sroH,,,b4691,rna-b4691,small RNA SroH,,,,,,,,
NC_000913.3,RefSeq,exon,4208147,4209688,,+,,1542,exon-b4007-1,"ECOCYC:EG30088,GeneID:948511",,,rRNA,,,,,rrsE,,,b4007,rna-b4007,16S ribosomal RNA,,,,,,,,
NC_000913.3,RefSeq,exon,4209774,4209849,,+,,76,exon-b4008-1,"ECOCYC:EG30034,GeneID:948510",,,tRNA,,,,,gltV,,,b4008,rna-b4008,tRNA-Glu,,,,tRNA-Glu(UUC),,,,
NC_000913.3,RefSeq,exon,4210043,4212946,,+,,2904,exon-b4009-1,"ECOCYC:EG30081,GeneID:948509",,,rRNA,,,,,rrlE,,,b4009,rna-b4009,23S ribosomal RNA,,,,,,,,
NC_000913.3,RefSeq,exon,4213040,4213159,,+,,120,exon-b4010-1,"ECOCYC:EG30074,GeneID:948516",,,rRNA,,,,,rrfE,,,b4010,rna-b4010,5S ribosomal RNA,,,,,,,,
NC_000913.3,RefSeq,exon,4218879,4218963,,+,,85,exon-b4830-1,"ECOCYC:G0-17105,GeneID:71004576",,,ncRNA,,,,,aceK-int,,,b4830,rna-b4830,small RNA AceK-int,,,,,,,,
NC_000913.3,RefSeq,exon,4242531,4242633,,-,,103,exon-b4807-1,"ECOCYC:G0-17082,GeneID:71004577",,,ncRNA,,,,,malH,,,b4807,rna-b4807,small regulatory RNA MalH,,,,,,,,
NC_000913.3,RefSeq,exon,4263139,4263249,,+,,111,exon-b4758-1,"ECOCYC:G0-16700,GeneID:63925664",,,ncRNA,,,,,pspH,,,b4758,rna-b4758,small regulatory RNA PspH,,,,,,,,
NC_000913.3,RefSeq,exon,4277926,4278066,,-,,141,exon-b4459-1,"ECOCYC:G0-8875,GeneID:2847753",,,ncRNA,,,,,ryjA,,,b4459,rna-b4459,small RNA RyjA,,,,,,,,
NC_000913.3,RefSeq,exon,4362551,4362626,,-,,76,exon-b4134-1,"ECOCYC:EG30064,GeneID:948651",,,tRNA,,,,,pheU,,,b4134,rna-b4134,tRNA-Phe,,,,tRNA-Phe(GAA),,,,
NC_000913.3,RefSeq,exon,4366839,4366951,,-,,113,exon-b4825-1,"ECOCYC:G0-17100,GeneID:71004579",,,ncRNA,,,,,aspX,,,b4825,rna-b4825,small regulatory RNA AspX,,,,,,,,
NC_000913.3,RefSeq,exon,4392360,4392435,,+,,76,exon-b4163-1,"ECOCYC:EG30038,GeneID:948682",,,tRNA,,,,,glyV,,,b4163,rna-b4163,tRNA-Gly,,,,tRNA-Gly(GCC),,,,
NC_000913.3,RefSeq,exon,4392472,4392547,,+,,76,exon-b4164-1,"ECOCYC:EG30040,GeneID:948681",,,tRNA,,,,,glyX,,,b4164,rna-b4164,tRNA-Gly,,,,tRNA-Gly(GCC),,,,
NC_000913.3,RefSeq,exon,4392583,4392658,,+,,76,exon-b4165-1,"ECOCYC:EG30041,GeneID:948687",,,tRNA,,,,,glyY,,,b4165,rna-b4165,tRNA-Gly,,,,tRNA-Gly(GCC),,,,
NC_000913.3,RefSeq,exon,4496405,4496489,,+,,85,exon-b4270-1,"ECOCYC:EG30053,GeneID:948803",,,tRNA,,,,,leuX,,,b4270,rna-b4270,tRNA-Leu,,,,tRNA-Leu(CAA),,,,
NC_000913.3,RefSeq,exon,4527977,4528066,,+,,90,exon-b4624-1,"ECOCYC:G0-10609,GeneID:5061532",,,ncRNA,,,,,ryjB,,,b4624,rna-b4624,small RNA RyjB,,,,,,,,
NC_000913.3,RefSeq,exon,4543674,4543708,,+,,35,exon-b4838-1,"ECOCYC:G0-17115,GeneID:302211672",,,ncRNA,,,,,fimR2,,,b4838,rna-b4838,small regulatory RNA FimR2,,,,,,,,
NC_000913.3,RefSeq,exon,4579835,4579911,,+,,77,exon-b4625-1,"ECOCYC:G0-10610,GeneID:5061533",,,ncRNA,,,,,symR,,,b4625,rna-b4625,small regulatory RNA antitoxin SymR,,,,,,,,
NC_000913.3,RefSeq,exon,4606079,4606165,,-,,87,exon-b4368-1,"ECOCYC:EG30051,GeneID:948873",,,tRNA,,,,,leuV,,,b4368,rna-b4368,tRNA-Leu,,,,tRNA-Leu(CAG),,,,
NC_000913.3,RefSeq,exon,4606200,4606286,,-,,87,exon-b4369-1,"ECOCYC:EG30047,GeneID:948875",,,tRNA,,,,,leuP,,,b4369,rna-b4369,tRNA-Leu,,,,tRNA-Leu(CAG),,,,
NC_000913.3,RefSeq,exon,4606315,4606401,,-,,87,exon-b4370-1,"ECOCYC:EG30048,GeneID:948893",,,tRNA,,,,,leuQ,,,b4370,rna-b4370,tRNA-Leu,,,,tRNA-Leu(CAG),,,,
